lugar,delito,co_menciones
La Serena,tráfico de drogas,2
Terminal de Buses de Coquimbo,homicidio,2
Coquimbo,tráfico de drogas,2
Región de Coquimbo,tráfico de drogas,1
Río Elqui,tráfico de drogas,1
Arcos de Pinamar,robo,1
Avenida Francisco de Aguirre,robo,1
Avenida del Mar,robo,1
Hospital de La Serena,robo,1
La Serena,robo,1
Región de Coquimbo,robo,1
Coquimbo,homicidios,1
Región de Coquimbo,homicidios,1
Salamanca,homicidios,1
La Serena,infracción a la Ley de Control de Armas,1
Región de Coquimbo,infracción a la Ley de Control de Armas,1
La Serena,receptación de vehículo,1
Región de Coquimbo,receptación de vehículo,1
La Serena,usurpación de funciones públicas,1
Región de Coquimbo,usurpación de funciones públicas,1
Barrio Inglés de Coquimbo,homicidio,1
Coquimbo,homicidio,1
Andacollito,asesinato,1
Diaguitas,asesinato,1
Provincia de Elqui,asesinato,1
Región de Coquimbo,asesinato,1
Vicuña,asesinato,1
Andacollito,homicidio,1
Diaguitas,homicidio,1
Provincia de Elqui,homicidio,1
Región de Coquimbo,homicidio,1
Vicuña,homicidio,1
Illapel,cohecho,1
Salamanca,cohecho,1
Santiago,cohecho,1
Tomé,cohecho,1
Illapel,ingresos de elementos ilícitos a un recinto penitenciario,1
Salamanca,ingresos de elementos ilícitos a un recinto penitenciario,1
Santiago,ingresos de elementos ilícitos a un recinto penitenciario,1
Tomé,ingresos de elementos ilícitos a un recinto penitenciario,1
Illapel,lavado de activos,1
Salamanca,lavado de activos,1
Santiago,lavado de activos,1
Tomé,lavado de activos,1
Illapel,tráfico de drogas,1
Salamanca,tráfico de drogas,1
Santiago,tráfico de drogas,1
Tomé,tráfico de drogas,1
Ovalle,homicidio,1
La Serena,homicidio,1
Juzgado de Garantía de Coquimbo,asesinato,1
Terminal de Buses de Coquimbo,asesinato,1
Juzgado de Garantía de Coquimbo,homicidio,1
Chile,disparos injustificados en la vía pública,1
Coquimbo,disparos injustificados en la vía pública,1
La Serena,disparos injustificados en la vía pública,1
Chile,homicidio frustrado,1
Coquimbo,homicidio frustrado,1
La Serena,homicidio frustrado,1
Chile,tráfico de drogas,1
Coquimbo,lesiones,1
Tierras Blancas,lesiones,1
Tribunal de Garantía de Coquimbo,lesiones,1
Coquimbo,robo con violencia,1
Tierras Blancas,robo con violencia,1
Tribunal de Garantía de Coquimbo,robo con violencia,1
Coquimbo,tenencia de armas,1
Tierras Blancas,tenencia de armas,1
Tribunal de Garantía de Coquimbo,tenencia de armas,1
Tierras Blancas,tráfico de drogas,1
Tribunal de Garantía de Coquimbo,tráfico de drogas,1
